country_name,schengen_start_date
Austria,1997-12-01
Belgium,1995-03-26
Bulgaria,2024-03-31
Croatia,2023-01-01
Czech Republic,2007-12-21 
Denmark,2001-03-25
Estonia,2007-12-21
Finland,2001-03-25
France,1995-03-26 
Germany,1995-03-26
Greece,2000-01-01
Hungary,2007-12-21
Iceland,1999-05-18
Italy,1997-10-26
Latvia,2007-12-21
Liechtenstein,2011-12-19
Lithuania,2007-12-21
Luxembourg,1995-03-26
Malta,2007-12-21 
Netherlands,1995-03-26
Norway,1999-05-18 
Poland,2007-12-21
Portugal,1995-03-26
Romania,2024-03-31 
Slovakia,2007-12-21
Slovenia,2007-12-21
Spain,1995-03-26 
Sweden,2001-03-25 
Switzerland,2008-12-12 

